,knot_0,knot_200,knot_400,knot_600,knot_800,knot_1000
0,1.0,0.0,0.0,0.0,0.0,0.0
1,0.995,0.0050000000000000044,0.0,0.0,0.0,0.0
2,0.99,0.010000000000000009,0.0,0.0,0.0,0.0
3,0.985,0.015000000000000013,0.0,0.0,0.0,0.0
4,0.98,0.020000000000000018,0.0,0.0,0.0,0.0
5,0.975,0.025000000000000022,0.0,0.0,0.0,0.0
6,0.97,0.030000000000000027,0.0,0.0,0.0,0.0
7,0.965,0.03500000000000003,0.0,0.0,0.0,0.0
8,0.96,0.040000000000000036,0.0,0.0,0.0,0.0
9,0.955,0.04500000000000004,0.0,0.0,0.0,0.0
10,0.95,0.050000000000000044,0.0,0.0,0.0,0.0
11,0.945,0.05500000000000005,0.0,0.0,0.0,0.0
12,0.94,0.06000000000000005,0.0,0.0,0.0,0.0
13,0.935,0.06499999999999995,0.0,0.0,0.0,0.0
14,0.93,0.06999999999999995,0.0,0.0,0.0,0.0
15,0.925,0.07499999999999996,0.0,0.0,0.0,0.0
16,0.92,0.07999999999999996,0.0,0.0,0.0,0.0
17,0.915,0.08499999999999996,0.0,0.0,0.0,0.0
18,0.91,0.08999999999999997,0.0,0.0,0.0,0.0
19,0.905,0.09499999999999997,0.0,0.0,0.0,0.0
20,0.9,0.09999999999999998,0.0,0.0,0.0,0.0
21,0.895,0.10499999999999998,0.0,0.0,0.0,0.0
22,0.89,0.10999999999999999,0.0,0.0,0.0,0.0
23,0.885,0.11499999999999999,0.0,0.0,0.0,0.0
24,0.88,0.12,0.0,0.0,0.0,0.0
25,0.875,0.125,0.0,0.0,0.0,0.0
26,0.87,0.13,0.0,0.0,0.0,0.0
27,0.865,0.135,0.0,0.0,0.0,0.0
28,0.86,0.14,0.0,0.0,0.0,0.0
29,0.855,0.14500000000000002,0.0,0.0,0.0,0.0
30,0.85,0.15000000000000002,0.0,0.0,0.0,0.0
31,0.845,0.15500000000000003,0.0,0.0,0.0,0.0
32,0.84,0.16000000000000003,0.0,0.0,0.0,0.0
33,0.835,0.16500000000000004,0.0,0.0,0.0,0.0
34,0.83,0.17000000000000004,0.0,0.0,0.0,0.0
35,0.825,0.17500000000000004,0.0,0.0,0.0,0.0
36,0.82,0.18000000000000005,0.0,0.0,0.0,0.0
37,0.815,0.18500000000000005,0.0,0.0,0.0,0.0
38,0.81,0.18999999999999995,0.0,0.0,0.0,0.0
39,0.805,0.19499999999999995,0.0,0.0,0.0,0.0
40,0.8,0.19999999999999996,0.0,0.0,0.0,0.0
41,0.795,0.20499999999999996,0.0,0.0,0.0,0.0
42,0.79,0.20999999999999996,0.0,0.0,0.0,0.0
43,0.785,0.21499999999999997,0.0,0.0,0.0,0.0
44,0.78,0.21999999999999997,0.0,0.0,0.0,0.0
45,0.775,0.22499999999999998,0.0,0.0,0.0,0.0
46,0.77,0.22999999999999998,0.0,0.0,0.0,0.0
47,0.765,0.235,0.0,0.0,0.0,0.0
48,0.76,0.24,0.0,0.0,0.0,0.0
49,0.755,0.245,0.0,0.0,0.0,0.0
50,0.75,0.25,0.0,0.0,0.0,0.0
51,0.745,0.255,0.0,0.0,0.0,0.0
52,0.74,0.26,0.0,0.0,0.0,0.0
53,0.735,0.265,0.0,0.0,0.0,0.0
54,0.73,0.27,0.0,0.0,0.0,0.0
55,0.725,0.275,0.0,0.0,0.0,0.0
56,0.72,0.28,0.0,0.0,0.0,0.0
57,0.715,0.28500000000000003,0.0,0.0,0.0,0.0
58,0.71,0.29000000000000004,0.0,0.0,0.0,0.0
59,0.705,0.29500000000000004,0.0,0.0,0.0,0.0
60,0.7,0.30000000000000004,0.0,0.0,0.0,0.0
61,0.695,0.30500000000000005,0.0,0.0,0.0,0.0
62,0.69,0.31000000000000005,0.0,0.0,0.0,0.0
63,0.685,0.31499999999999995,0.0,0.0,0.0,0.0
64,0.68,0.31999999999999995,0.0,0.0,0.0,0.0
65,0.675,0.32499999999999996,0.0,0.0,0.0,0.0
66,0.67,0.32999999999999996,0.0,0.0,0.0,0.0
67,0.665,0.33499999999999996,0.0,0.0,0.0,0.0
68,0.66,0.33999999999999997,0.0,0.0,0.0,0.0
69,0.655,0.345,0.0,0.0,0.0,0.0
70,0.65,0.35,0.0,0.0,0.0,0.0
71,0.645,0.355,0.0,0.0,0.0,0.0
72,0.64,0.36,0.0,0.0,0.0,0.0
73,0.635,0.365,0.0,0.0,0.0,0.0
74,0.63,0.37,0.0,0.0,0.0,0.0
75,0.625,0.375,0.0,0.0,0.0,0.0
76,0.62,0.38,0.0,0.0,0.0,0.0
77,0.615,0.385,0.0,0.0,0.0,0.0
78,0.61,0.39,0.0,0.0,0.0,0.0
79,0.605,0.395,0.0,0.0,0.0,0.0
80,0.6,0.4,0.0,0.0,0.0,0.0
81,0.595,0.405,0.0,0.0,0.0,0.0
82,0.59,0.41000000000000003,0.0,0.0,0.0,0.0
83,0.585,0.41500000000000004,0.0,0.0,0.0,0.0
84,0.58,0.42000000000000004,0.0,0.0,0.0,0.0
85,0.575,0.42500000000000004,0.0,0.0,0.0,0.0
86,0.57,0.43000000000000005,0.0,0.0,0.0,0.0
87,0.565,0.43500000000000005,0.0,0.0,0.0,0.0
88,0.56,0.43999999999999995,0.0,0.0,0.0,0.0
89,0.555,0.44499999999999995,0.0,0.0,0.0,0.0
90,0.55,0.44999999999999996,0.0,0.0,0.0,0.0
91,0.545,0.45499999999999996,0.0,0.0,0.0,0.0
92,0.54,0.45999999999999996,0.0,0.0,0.0,0.0
93,0.535,0.46499999999999997,0.0,0.0,0.0,0.0
94,0.53,0.47,0.0,0.0,0.0,0.0
95,0.525,0.475,0.0,0.0,0.0,0.0
96,0.52,0.48,0.0,0.0,0.0,0.0
97,0.515,0.485,0.0,0.0,0.0,0.0
98,0.51,0.49,0.0,0.0,0.0,0.0
99,0.505,0.495,0.0,0.0,0.0,0.0
100,0.5,0.5,0.0,0.0,0.0,0.0
101,0.495,0.505,0.0,0.0,0.0,0.0
102,0.49,0.51,0.0,0.0,0.0,0.0
103,0.485,0.515,0.0,0.0,0.0,0.0
104,0.48,0.52,0.0,0.0,0.0,0.0
105,0.475,0.525,0.0,0.0,0.0,0.0
106,0.47,0.53,0.0,0.0,0.0,0.0
107,0.465,0.5349999999999999,0.0,0.0,0.0,0.0
108,0.46,0.54,0.0,0.0,0.0,0.0
109,0.455,0.5449999999999999,0.0,0.0,0.0,0.0
110,0.45,0.55,0.0,0.0,0.0,0.0
111,0.445,0.5549999999999999,0.0,0.0,0.0,0.0
112,0.44,0.56,0.0,0.0,0.0,0.0
113,0.435,0.565,0.0,0.0,0.0,0.0
114,0.43,0.5700000000000001,0.0,0.0,0.0,0.0
115,0.425,0.575,0.0,0.0,0.0,0.0
116,0.42,0.5800000000000001,0.0,0.0,0.0,0.0
117,0.415,0.585,0.0,0.0,0.0,0.0
118,0.41,0.5900000000000001,0.0,0.0,0.0,0.0
119,0.405,0.595,0.0,0.0,0.0,0.0
120,0.4,0.6,0.0,0.0,0.0,0.0
121,0.395,0.605,0.0,0.0,0.0,0.0
122,0.39,0.61,0.0,0.0,0.0,0.0
123,0.385,0.615,0.0,0.0,0.0,0.0
124,0.38,0.62,0.0,0.0,0.0,0.0
125,0.375,0.625,0.0,0.0,0.0,0.0
126,0.37,0.63,0.0,0.0,0.0,0.0
127,0.365,0.635,0.0,0.0,0.0,0.0
128,0.36,0.64,0.0,0.0,0.0,0.0
129,0.355,0.645,0.0,0.0,0.0,0.0
130,0.35,0.65,0.0,0.0,0.0,0.0
131,0.345,0.655,0.0,0.0,0.0,0.0
132,0.34,0.6599999999999999,0.0,0.0,0.0,0.0
133,0.335,0.665,0.0,0.0,0.0,0.0
134,0.33,0.6699999999999999,0.0,0.0,0.0,0.0
135,0.325,0.675,0.0,0.0,0.0,0.0
136,0.32,0.6799999999999999,0.0,0.0,0.0,0.0
137,0.315,0.685,0.0,0.0,0.0,0.0
138,0.31,0.69,0.0,0.0,0.0,0.0
139,0.305,0.6950000000000001,0.0,0.0,0.0,0.0
140,0.3,0.7,0.0,0.0,0.0,0.0
141,0.295,0.7050000000000001,0.0,0.0,0.0,0.0
142,0.29,0.71,0.0,0.0,0.0,0.0
143,0.285,0.7150000000000001,0.0,0.0,0.0,0.0
144,0.28,0.72,0.0,0.0,0.0,0.0
145,0.275,0.725,0.0,0.0,0.0,0.0
146,0.27,0.73,0.0,0.0,0.0,0.0
147,0.265,0.735,0.0,0.0,0.0,0.0
148,0.26,0.74,0.0,0.0,0.0,0.0
149,0.255,0.745,0.0,0.0,0.0,0.0
150,0.25,0.75,0.0,0.0,0.0,0.0
151,0.245,0.755,0.0,0.0,0.0,0.0
152,0.24,0.76,0.0,0.0,0.0,0.0
153,0.235,0.765,0.0,0.0,0.0,0.0
154,0.23,0.77,0.0,0.0,0.0,0.0
155,0.225,0.775,0.0,0.0,0.0,0.0
156,0.22,0.78,0.0,0.0,0.0,0.0
157,0.215,0.785,0.0,0.0,0.0,0.0
158,0.21,0.79,0.0,0.0,0.0,0.0
159,0.205,0.795,0.0,0.0,0.0,0.0
160,0.2,0.8,0.0,0.0,0.0,0.0
161,0.195,0.8049999999999999,0.0,0.0,0.0,0.0
162,0.19,0.81,0.0,0.0,0.0,0.0
163,0.185,0.815,0.0,0.0,0.0,0.0
164,0.18,0.8200000000000001,0.0,0.0,0.0,0.0
165,0.175,0.825,0.0,0.0,0.0,0.0
166,0.17,0.83,0.0,0.0,0.0,0.0
167,0.165,0.835,0.0,0.0,0.0,0.0
168,0.16,0.84,0.0,0.0,0.0,0.0
169,0.155,0.845,0.0,0.0,0.0,0.0
170,0.15,0.85,0.0,0.0,0.0,0.0
171,0.145,0.855,0.0,0.0,0.0,0.0
172,0.14,0.86,0.0,0.0,0.0,0.0
173,0.135,0.865,0.0,0.0,0.0,0.0
174,0.13,0.87,0.0,0.0,0.0,0.0
175,0.125,0.875,0.0,0.0,0.0,0.0
176,0.12,0.88,0.0,0.0,0.0,0.0
177,0.115,0.885,0.0,0.0,0.0,0.0
178,0.11,0.89,0.0,0.0,0.0,0.0
179,0.105,0.895,0.0,0.0,0.0,0.0
180,0.1,0.9,0.0,0.0,0.0,0.0
181,0.095,0.905,0.0,0.0,0.0,0.0
182,0.09,0.91,0.0,0.0,0.0,0.0
183,0.085,0.915,0.0,0.0,0.0,0.0
184,0.08,0.92,0.0,0.0,0.0,0.0
185,0.075,0.925,0.0,0.0,0.0,0.0
186,0.07,0.9299999999999999,0.0,0.0,0.0,0.0
187,0.065,0.935,0.0,0.0,0.0,0.0
188,0.06,0.94,0.0,0.0,0.0,0.0
189,0.055,0.945,0.0,0.0,0.0,0.0
190,0.05,0.95,0.0,0.0,0.0,0.0
191,0.045,0.955,0.0,0.0,0.0,0.0
192,0.04,0.96,0.0,0.0,0.0,0.0
193,0.035,0.965,0.0,0.0,0.0,0.0
194,0.03,0.97,0.0,0.0,0.0,0.0
195,0.025,0.975,0.0,0.0,0.0,0.0
196,0.02,0.98,0.0,0.0,0.0,0.0
197,0.015,0.985,0.0,0.0,0.0,0.0
198,0.01,0.99,0.0,0.0,0.0,0.0
199,0.005,0.995,0.0,0.0,0.0,0.0
200,0.0,1.0,0.0,0.0,0.0,0.0
201,0.0,0.995,0.0050000000000000044,0.0,0.0,0.0
202,0.0,0.99,0.010000000000000009,0.0,0.0,0.0
203,0.0,0.985,0.015000000000000013,0.0,0.0,0.0
204,0.0,0.98,0.020000000000000018,0.0,0.0,0.0
205,0.0,0.975,0.025000000000000022,0.0,0.0,0.0
206,0.0,0.97,0.030000000000000027,0.0,0.0,0.0
207,0.0,0.965,0.03500000000000003,0.0,0.0,0.0
208,0.0,0.96,0.040000000000000036,0.0,0.0,0.0
209,0.0,0.955,0.04500000000000004,0.0,0.0,0.0
210,0.0,0.95,0.050000000000000044,0.0,0.0,0.0
211,0.0,0.945,0.05500000000000005,0.0,0.0,0.0
212,0.0,0.94,0.06000000000000005,0.0,0.0,0.0
213,0.0,0.935,0.06499999999999995,0.0,0.0,0.0
214,0.0,0.93,0.06999999999999995,0.0,0.0,0.0
215,0.0,0.925,0.07499999999999996,0.0,0.0,0.0
216,0.0,0.92,0.07999999999999996,0.0,0.0,0.0
217,0.0,0.915,0.08499999999999996,0.0,0.0,0.0
218,0.0,0.91,0.08999999999999997,0.0,0.0,0.0
219,0.0,0.905,0.09499999999999997,0.0,0.0,0.0
220,0.0,0.9,0.09999999999999998,0.0,0.0,0.0
221,0.0,0.895,0.10499999999999998,0.0,0.0,0.0
222,0.0,0.89,0.10999999999999999,0.0,0.0,0.0
223,0.0,0.885,0.11499999999999999,0.0,0.0,0.0
224,0.0,0.88,0.12,0.0,0.0,0.0
225,0.0,0.875,0.125,0.0,0.0,0.0
226,0.0,0.87,0.13,0.0,0.0,0.0
227,0.0,0.865,0.135,0.0,0.0,0.0
228,0.0,0.86,0.14,0.0,0.0,0.0
229,0.0,0.855,0.14500000000000002,0.0,0.0,0.0
230,0.0,0.85,0.15000000000000002,0.0,0.0,0.0
231,0.0,0.845,0.15500000000000003,0.0,0.0,0.0
232,0.0,0.84,0.16000000000000003,0.0,0.0,0.0
233,0.0,0.835,0.16500000000000004,0.0,0.0,0.0
234,0.0,0.83,0.17000000000000004,0.0,0.0,0.0
235,0.0,0.825,0.17500000000000004,0.0,0.0,0.0
236,0.0,0.82,0.18000000000000005,0.0,0.0,0.0
237,0.0,0.815,0.18500000000000005,0.0,0.0,0.0
238,0.0,0.81,0.18999999999999995,0.0,0.0,0.0
239,0.0,0.805,0.19499999999999995,0.0,0.0,0.0
240,0.0,0.8,0.19999999999999996,0.0,0.0,0.0
241,0.0,0.795,0.20499999999999996,0.0,0.0,0.0
242,0.0,0.79,0.20999999999999996,0.0,0.0,0.0
243,0.0,0.785,0.21499999999999997,0.0,0.0,0.0
244,0.0,0.78,0.21999999999999997,0.0,0.0,0.0
245,0.0,0.775,0.22499999999999998,0.0,0.0,0.0
246,0.0,0.77,0.22999999999999998,0.0,0.0,0.0
247,0.0,0.765,0.235,0.0,0.0,0.0
248,0.0,0.76,0.24,0.0,0.0,0.0
249,0.0,0.755,0.245,0.0,0.0,0.0
250,0.0,0.75,0.25,0.0,0.0,0.0
251,0.0,0.745,0.255,0.0,0.0,0.0
252,0.0,0.74,0.26,0.0,0.0,0.0
253,0.0,0.735,0.265,0.0,0.0,0.0
254,0.0,0.73,0.27,0.0,0.0,0.0
255,0.0,0.725,0.275,0.0,0.0,0.0
256,0.0,0.72,0.28,0.0,0.0,0.0
257,0.0,0.715,0.28500000000000003,0.0,0.0,0.0
258,0.0,0.71,0.29000000000000004,0.0,0.0,0.0
259,0.0,0.705,0.29500000000000004,0.0,0.0,0.0
260,0.0,0.7,0.30000000000000004,0.0,0.0,0.0
261,0.0,0.695,0.30500000000000005,0.0,0.0,0.0
262,0.0,0.69,0.31000000000000005,0.0,0.0,0.0
263,0.0,0.685,0.31499999999999995,0.0,0.0,0.0
264,0.0,0.68,0.31999999999999995,0.0,0.0,0.0
265,0.0,0.675,0.32499999999999996,0.0,0.0,0.0
266,0.0,0.67,0.32999999999999996,0.0,0.0,0.0
267,0.0,0.665,0.33499999999999996,0.0,0.0,0.0
268,0.0,0.66,0.33999999999999997,0.0,0.0,0.0
269,0.0,0.655,0.345,0.0,0.0,0.0
270,0.0,0.65,0.35,0.0,0.0,0.0
271,0.0,0.645,0.355,0.0,0.0,0.0
272,0.0,0.64,0.36,0.0,0.0,0.0
273,0.0,0.635,0.365,0.0,0.0,0.0
274,0.0,0.63,0.37,0.0,0.0,0.0
275,0.0,0.625,0.375,0.0,0.0,0.0
276,0.0,0.62,0.38,0.0,0.0,0.0
277,0.0,0.615,0.385,0.0,0.0,0.0
278,0.0,0.61,0.39,0.0,0.0,0.0
279,0.0,0.605,0.395,0.0,0.0,0.0
280,0.0,0.6,0.4,0.0,0.0,0.0
281,0.0,0.595,0.405,0.0,0.0,0.0
282,0.0,0.59,0.41000000000000003,0.0,0.0,0.0
283,0.0,0.585,0.41500000000000004,0.0,0.0,0.0
284,0.0,0.58,0.42000000000000004,0.0,0.0,0.0
285,0.0,0.575,0.42500000000000004,0.0,0.0,0.0
286,0.0,0.57,0.43000000000000005,0.0,0.0,0.0
287,0.0,0.565,0.43500000000000005,0.0,0.0,0.0
288,0.0,0.56,0.43999999999999995,0.0,0.0,0.0
289,0.0,0.555,0.44499999999999995,0.0,0.0,0.0
290,0.0,0.55,0.44999999999999996,0.0,0.0,0.0
291,0.0,0.545,0.45499999999999996,0.0,0.0,0.0
292,0.0,0.54,0.45999999999999996,0.0,0.0,0.0
293,0.0,0.535,0.46499999999999997,0.0,0.0,0.0
294,0.0,0.53,0.47,0.0,0.0,0.0
295,0.0,0.525,0.475,0.0,0.0,0.0
296,0.0,0.52,0.48,0.0,0.0,0.0
297,0.0,0.515,0.485,0.0,0.0,0.0
298,0.0,0.51,0.49,0.0,0.0,0.0
299,0.0,0.505,0.495,0.0,0.0,0.0
300,0.0,0.5,0.5,0.0,0.0,0.0
301,0.0,0.495,0.505,0.0,0.0,0.0
302,0.0,0.49,0.51,0.0,0.0,0.0
303,0.0,0.485,0.515,0.0,0.0,0.0
304,0.0,0.48,0.52,0.0,0.0,0.0
305,0.0,0.475,0.525,0.0,0.0,0.0
306,0.0,0.47,0.53,0.0,0.0,0.0
307,0.0,0.465,0.5349999999999999,0.0,0.0,0.0
308,0.0,0.46,0.54,0.0,0.0,0.0
309,0.0,0.455,0.5449999999999999,0.0,0.0,0.0
310,0.0,0.45,0.55,0.0,0.0,0.0
311,0.0,0.445,0.5549999999999999,0.0,0.0,0.0
312,0.0,0.44,0.56,0.0,0.0,0.0
313,0.0,0.435,0.565,0.0,0.0,0.0
314,0.0,0.43,0.5700000000000001,0.0,0.0,0.0
315,0.0,0.425,0.575,0.0,0.0,0.0
316,0.0,0.42,0.5800000000000001,0.0,0.0,0.0
317,0.0,0.415,0.585,0.0,0.0,0.0
318,0.0,0.41,0.5900000000000001,0.0,0.0,0.0
319,0.0,0.405,0.595,0.0,0.0,0.0
320,0.0,0.4,0.6,0.0,0.0,0.0
321,0.0,0.395,0.605,0.0,0.0,0.0
322,0.0,0.39,0.61,0.0,0.0,0.0
323,0.0,0.385,0.615,0.0,0.0,0.0
324,0.0,0.38,0.62,0.0,0.0,0.0
325,0.0,0.375,0.625,0.0,0.0,0.0
326,0.0,0.37,0.63,0.0,0.0,0.0
327,0.0,0.365,0.635,0.0,0.0,0.0
328,0.0,0.36,0.64,0.0,0.0,0.0
329,0.0,0.355,0.645,0.0,0.0,0.0
330,0.0,0.35,0.65,0.0,0.0,0.0
331,0.0,0.345,0.655,0.0,0.0,0.0
332,0.0,0.34,0.6599999999999999,0.0,0.0,0.0
333,0.0,0.335,0.665,0.0,0.0,0.0
334,0.0,0.33,0.6699999999999999,0.0,0.0,0.0
335,0.0,0.325,0.675,0.0,0.0,0.0
336,0.0,0.32,0.6799999999999999,0.0,0.0,0.0
337,0.0,0.315,0.685,0.0,0.0,0.0
338,0.0,0.31,0.69,0.0,0.0,0.0
339,0.0,0.305,0.6950000000000001,0.0,0.0,0.0
340,0.0,0.3,0.7,0.0,0.0,0.0
341,0.0,0.295,0.7050000000000001,0.0,0.0,0.0
342,0.0,0.29,0.71,0.0,0.0,0.0
343,0.0,0.285,0.7150000000000001,0.0,0.0,0.0
344,0.0,0.28,0.72,0.0,0.0,0.0
345,0.0,0.275,0.725,0.0,0.0,0.0
346,0.0,0.27,0.73,0.0,0.0,0.0
347,0.0,0.265,0.735,0.0,0.0,0.0
348,0.0,0.26,0.74,0.0,0.0,0.0
349,0.0,0.255,0.745,0.0,0.0,0.0
350,0.0,0.25,0.75,0.0,0.0,0.0
351,0.0,0.245,0.755,0.0,0.0,0.0
352,0.0,0.24,0.76,0.0,0.0,0.0
353,0.0,0.235,0.765,0.0,0.0,0.0
354,0.0,0.23,0.77,0.0,0.0,0.0
355,0.0,0.225,0.775,0.0,0.0,0.0
356,0.0,0.22,0.78,0.0,0.0,0.0
357,0.0,0.215,0.785,0.0,0.0,0.0
358,0.0,0.21,0.79,0.0,0.0,0.0
359,0.0,0.205,0.795,0.0,0.0,0.0
360,0.0,0.2,0.8,0.0,0.0,0.0
361,0.0,0.195,0.8049999999999999,0.0,0.0,0.0
362,0.0,0.19,0.81,0.0,0.0,0.0
363,0.0,0.185,0.815,0.0,0.0,0.0
364,0.0,0.18,0.8200000000000001,0.0,0.0,0.0
365,0.0,0.175,0.825,0.0,0.0,0.0
366,0.0,0.17,0.83,0.0,0.0,0.0
367,0.0,0.165,0.835,0.0,0.0,0.0
368,0.0,0.16,0.84,0.0,0.0,0.0
369,0.0,0.155,0.845,0.0,0.0,0.0
370,0.0,0.15,0.85,0.0,0.0,0.0
371,0.0,0.145,0.855,0.0,0.0,0.0
372,0.0,0.14,0.86,0.0,0.0,0.0
373,0.0,0.135,0.865,0.0,0.0,0.0
374,0.0,0.13,0.87,0.0,0.0,0.0
375,0.0,0.125,0.875,0.0,0.0,0.0
376,0.0,0.12,0.88,0.0,0.0,0.0
377,0.0,0.115,0.885,0.0,0.0,0.0
378,0.0,0.11,0.89,0.0,0.0,0.0
379,0.0,0.105,0.895,0.0,0.0,0.0
380,0.0,0.1,0.9,0.0,0.0,0.0
381,0.0,0.095,0.905,0.0,0.0,0.0
382,0.0,0.09,0.91,0.0,0.0,0.0
383,0.0,0.085,0.915,0.0,0.0,0.0
384,0.0,0.08,0.92,0.0,0.0,0.0
385,0.0,0.075,0.925,0.0,0.0,0.0
386,0.0,0.07,0.9299999999999999,0.0,0.0,0.0
387,0.0,0.065,0.935,0.0,0.0,0.0
388,0.0,0.06,0.94,0.0,0.0,0.0
389,0.0,0.055,0.945,0.0,0.0,0.0
390,0.0,0.05,0.95,0.0,0.0,0.0
391,0.0,0.045,0.955,0.0,0.0,0.0
392,0.0,0.04,0.96,0.0,0.0,0.0
393,0.0,0.035,0.965,0.0,0.0,0.0
394,0.0,0.03,0.97,0.0,0.0,0.0
395,0.0,0.025,0.975,0.0,0.0,0.0
396,0.0,0.02,0.98,0.0,0.0,0.0
397,0.0,0.015,0.985,0.0,0.0,0.0
398,0.0,0.01,0.99,0.0,0.0,0.0
399,0.0,0.005,0.995,0.0,0.0,0.0
400,0.0,0.0,1.0,0.0,0.0,0.0
401,0.0,0.0,0.995,0.0050000000000000044,0.0,0.0
402,0.0,0.0,0.99,0.010000000000000009,0.0,0.0
403,0.0,0.0,0.985,0.015000000000000013,0.0,0.0
404,0.0,0.0,0.98,0.020000000000000018,0.0,0.0
405,0.0,0.0,0.975,0.025000000000000022,0.0,0.0
406,0.0,0.0,0.97,0.030000000000000027,0.0,0.0
407,0.0,0.0,0.965,0.03500000000000003,0.0,0.0
408,0.0,0.0,0.96,0.040000000000000036,0.0,0.0
409,0.0,0.0,0.955,0.04500000000000004,0.0,0.0
410,0.0,0.0,0.95,0.050000000000000044,0.0,0.0
411,0.0,0.0,0.945,0.05500000000000005,0.0,0.0
412,0.0,0.0,0.94,0.06000000000000005,0.0,0.0
413,0.0,0.0,0.935,0.06499999999999995,0.0,0.0
414,0.0,0.0,0.93,0.06999999999999995,0.0,0.0
415,0.0,0.0,0.925,0.07499999999999996,0.0,0.0
416,0.0,0.0,0.92,0.07999999999999996,0.0,0.0
417,0.0,0.0,0.915,0.08499999999999996,0.0,0.0
418,0.0,0.0,0.91,0.08999999999999997,0.0,0.0
419,0.0,0.0,0.905,0.09499999999999997,0.0,0.0
420,0.0,0.0,0.9,0.09999999999999998,0.0,0.0
421,0.0,0.0,0.895,0.10499999999999998,0.0,0.0
422,0.0,0.0,0.89,0.10999999999999999,0.0,0.0
423,0.0,0.0,0.885,0.11499999999999999,0.0,0.0
424,0.0,0.0,0.88,0.12,0.0,0.0
425,0.0,0.0,0.875,0.125,0.0,0.0
426,0.0,0.0,0.87,0.13,0.0,0.0
427,0.0,0.0,0.865,0.135,0.0,0.0
428,0.0,0.0,0.86,0.14,0.0,0.0
429,0.0,0.0,0.855,0.14500000000000002,0.0,0.0
430,0.0,0.0,0.85,0.15000000000000002,0.0,0.0
431,0.0,0.0,0.845,0.15500000000000003,0.0,0.0
432,0.0,0.0,0.84,0.16000000000000003,0.0,0.0
433,0.0,0.0,0.835,0.16500000000000004,0.0,0.0
434,0.0,0.0,0.83,0.17000000000000004,0.0,0.0
435,0.0,0.0,0.825,0.17500000000000004,0.0,0.0
436,0.0,0.0,0.82,0.18000000000000005,0.0,0.0
437,0.0,0.0,0.815,0.18500000000000005,0.0,0.0
438,0.0,0.0,0.81,0.18999999999999995,0.0,0.0
439,0.0,0.0,0.805,0.19499999999999995,0.0,0.0
440,0.0,0.0,0.8,0.19999999999999996,0.0,0.0
441,0.0,0.0,0.795,0.20499999999999996,0.0,0.0
442,0.0,0.0,0.79,0.20999999999999996,0.0,0.0
443,0.0,0.0,0.785,0.21499999999999997,0.0,0.0
444,0.0,0.0,0.78,0.21999999999999997,0.0,0.0
445,0.0,0.0,0.775,0.22499999999999998,0.0,0.0
446,0.0,0.0,0.77,0.22999999999999998,0.0,0.0
447,0.0,0.0,0.765,0.235,0.0,0.0
448,0.0,0.0,0.76,0.24,0.0,0.0
449,0.0,0.0,0.755,0.245,0.0,0.0
450,0.0,0.0,0.75,0.25,0.0,0.0
451,0.0,0.0,0.745,0.255,0.0,0.0
452,0.0,0.0,0.74,0.26,0.0,0.0
453,0.0,0.0,0.735,0.265,0.0,0.0
454,0.0,0.0,0.73,0.27,0.0,0.0
455,0.0,0.0,0.725,0.275,0.0,0.0
456,0.0,0.0,0.72,0.28,0.0,0.0
457,0.0,0.0,0.715,0.28500000000000003,0.0,0.0
458,0.0,0.0,0.71,0.29000000000000004,0.0,0.0
459,0.0,0.0,0.705,0.29500000000000004,0.0,0.0
460,0.0,0.0,0.7,0.30000000000000004,0.0,0.0
461,0.0,0.0,0.695,0.30500000000000005,0.0,0.0
462,0.0,0.0,0.69,0.31000000000000005,0.0,0.0
463,0.0,0.0,0.685,0.31499999999999995,0.0,0.0
464,0.0,0.0,0.68,0.31999999999999995,0.0,0.0
465,0.0,0.0,0.675,0.32499999999999996,0.0,0.0
466,0.0,0.0,0.67,0.32999999999999996,0.0,0.0
467,0.0,0.0,0.665,0.33499999999999996,0.0,0.0
468,0.0,0.0,0.66,0.33999999999999997,0.0,0.0
469,0.0,0.0,0.655,0.345,0.0,0.0
470,0.0,0.0,0.65,0.35,0.0,0.0
471,0.0,0.0,0.645,0.355,0.0,0.0
472,0.0,0.0,0.64,0.36,0.0,0.0
473,0.0,0.0,0.635,0.365,0.0,0.0
474,0.0,0.0,0.63,0.37,0.0,0.0
475,0.0,0.0,0.625,0.375,0.0,0.0
476,0.0,0.0,0.62,0.38,0.0,0.0
477,0.0,0.0,0.615,0.385,0.0,0.0
478,0.0,0.0,0.61,0.39,0.0,0.0
479,0.0,0.0,0.605,0.395,0.0,0.0
480,0.0,0.0,0.6,0.4,0.0,0.0
481,0.0,0.0,0.595,0.405,0.0,0.0
482,0.0,0.0,0.59,0.41000000000000003,0.0,0.0
483,0.0,0.0,0.585,0.41500000000000004,0.0,0.0
484,0.0,0.0,0.58,0.42000000000000004,0.0,0.0
485,0.0,0.0,0.575,0.42500000000000004,0.0,0.0
486,0.0,0.0,0.57,0.43000000000000005,0.0,0.0
487,0.0,0.0,0.565,0.43500000000000005,0.0,0.0
488,0.0,0.0,0.56,0.43999999999999995,0.0,0.0
489,0.0,0.0,0.555,0.44499999999999995,0.0,0.0
490,0.0,0.0,0.55,0.44999999999999996,0.0,0.0
491,0.0,0.0,0.545,0.45499999999999996,0.0,0.0
492,0.0,0.0,0.54,0.45999999999999996,0.0,0.0
493,0.0,0.0,0.535,0.46499999999999997,0.0,0.0
494,0.0,0.0,0.53,0.47,0.0,0.0
495,0.0,0.0,0.525,0.475,0.0,0.0
496,0.0,0.0,0.52,0.48,0.0,0.0
497,0.0,0.0,0.515,0.485,0.0,0.0
498,0.0,0.0,0.51,0.49,0.0,0.0
499,0.0,0.0,0.505,0.495,0.0,0.0
500,0.0,0.0,0.5,0.5,0.0,0.0
501,0.0,0.0,0.495,0.505,0.0,0.0
502,0.0,0.0,0.49,0.51,0.0,0.0
503,0.0,0.0,0.485,0.515,0.0,0.0
504,0.0,0.0,0.48,0.52,0.0,0.0
505,0.0,0.0,0.475,0.525,0.0,0.0
506,0.0,0.0,0.47,0.53,0.0,0.0
507,0.0,0.0,0.465,0.5349999999999999,0.0,0.0
508,0.0,0.0,0.46,0.54,0.0,0.0
509,0.0,0.0,0.455,0.5449999999999999,0.0,0.0
510,0.0,0.0,0.45,0.55,0.0,0.0
511,0.0,0.0,0.445,0.5549999999999999,0.0,0.0
512,0.0,0.0,0.44,0.56,0.0,0.0
513,0.0,0.0,0.435,0.565,0.0,0.0
514,0.0,0.0,0.43,0.5700000000000001,0.0,0.0
515,0.0,0.0,0.425,0.575,0.0,0.0
516,0.0,0.0,0.42,0.5800000000000001,0.0,0.0
517,0.0,0.0,0.415,0.585,0.0,0.0
518,0.0,0.0,0.41,0.5900000000000001,0.0,0.0
519,0.0,0.0,0.405,0.595,0.0,0.0
520,0.0,0.0,0.4,0.6,0.0,0.0
521,0.0,0.0,0.395,0.605,0.0,0.0
522,0.0,0.0,0.39,0.61,0.0,0.0
523,0.0,0.0,0.385,0.615,0.0,0.0
524,0.0,0.0,0.38,0.62,0.0,0.0
525,0.0,0.0,0.375,0.625,0.0,0.0
526,0.0,0.0,0.37,0.63,0.0,0.0
527,0.0,0.0,0.365,0.635,0.0,0.0
528,0.0,0.0,0.36,0.64,0.0,0.0
529,0.0,0.0,0.355,0.645,0.0,0.0
530,0.0,0.0,0.35,0.65,0.0,0.0
531,0.0,0.0,0.345,0.655,0.0,0.0
532,0.0,0.0,0.34,0.6599999999999999,0.0,0.0
533,0.0,0.0,0.335,0.665,0.0,0.0
534,0.0,0.0,0.33,0.6699999999999999,0.0,0.0
535,0.0,0.0,0.325,0.675,0.0,0.0
536,0.0,0.0,0.32,0.6799999999999999,0.0,0.0
537,0.0,0.0,0.315,0.685,0.0,0.0
538,0.0,0.0,0.31,0.69,0.0,0.0
539,0.0,0.0,0.305,0.6950000000000001,0.0,0.0
540,0.0,0.0,0.3,0.7,0.0,0.0
541,0.0,0.0,0.295,0.7050000000000001,0.0,0.0
542,0.0,0.0,0.29,0.71,0.0,0.0
543,0.0,0.0,0.285,0.7150000000000001,0.0,0.0
544,0.0,0.0,0.28,0.72,0.0,0.0
545,0.0,0.0,0.275,0.725,0.0,0.0
546,0.0,0.0,0.27,0.73,0.0,0.0
547,0.0,0.0,0.265,0.735,0.0,0.0
548,0.0,0.0,0.26,0.74,0.0,0.0
549,0.0,0.0,0.255,0.745,0.0,0.0
550,0.0,0.0,0.25,0.75,0.0,0.0
551,0.0,0.0,0.245,0.755,0.0,0.0
552,0.0,0.0,0.24,0.76,0.0,0.0
553,0.0,0.0,0.235,0.765,0.0,0.0
554,0.0,0.0,0.23,0.77,0.0,0.0
555,0.0,0.0,0.225,0.775,0.0,0.0
556,0.0,0.0,0.22,0.78,0.0,0.0
557,0.0,0.0,0.215,0.785,0.0,0.0
558,0.0,0.0,0.21,0.79,0.0,0.0
559,0.0,0.0,0.205,0.795,0.0,0.0
560,0.0,0.0,0.2,0.8,0.0,0.0
561,0.0,0.0,0.195,0.8049999999999999,0.0,0.0
562,0.0,0.0,0.19,0.81,0.0,0.0
563,0.0,0.0,0.185,0.815,0.0,0.0
564,0.0,0.0,0.18,0.8200000000000001,0.0,0.0
565,0.0,0.0,0.175,0.825,0.0,0.0
566,0.0,0.0,0.17,0.83,0.0,0.0
567,0.0,0.0,0.165,0.835,0.0,0.0
568,0.0,0.0,0.16,0.84,0.0,0.0
569,0.0,0.0,0.155,0.845,0.0,0.0
570,0.0,0.0,0.15,0.85,0.0,0.0
571,0.0,0.0,0.145,0.855,0.0,0.0
572,0.0,0.0,0.14,0.86,0.0,0.0
573,0.0,0.0,0.135,0.865,0.0,0.0
574,0.0,0.0,0.13,0.87,0.0,0.0
575,0.0,0.0,0.125,0.875,0.0,0.0
576,0.0,0.0,0.12,0.88,0.0,0.0
577,0.0,0.0,0.115,0.885,0.0,0.0
578,0.0,0.0,0.11,0.89,0.0,0.0
579,0.0,0.0,0.105,0.895,0.0,0.0
580,0.0,0.0,0.1,0.9,0.0,0.0
581,0.0,0.0,0.095,0.905,0.0,0.0
582,0.0,0.0,0.09,0.91,0.0,0.0
583,0.0,0.0,0.085,0.915,0.0,0.0
584,0.0,0.0,0.08,0.92,0.0,0.0
585,0.0,0.0,0.075,0.925,0.0,0.0
586,0.0,0.0,0.07,0.9299999999999999,0.0,0.0
587,0.0,0.0,0.065,0.935,0.0,0.0
588,0.0,0.0,0.06,0.94,0.0,0.0
589,0.0,0.0,0.055,0.945,0.0,0.0
590,0.0,0.0,0.05,0.95,0.0,0.0
591,0.0,0.0,0.045,0.955,0.0,0.0
592,0.0,0.0,0.04,0.96,0.0,0.0
593,0.0,0.0,0.035,0.965,0.0,0.0
594,0.0,0.0,0.03,0.97,0.0,0.0
595,0.0,0.0,0.025,0.975,0.0,0.0
596,0.0,0.0,0.02,0.98,0.0,0.0
597,0.0,0.0,0.015,0.985,0.0,0.0
598,0.0,0.0,0.01,0.99,0.0,0.0
599,0.0,0.0,0.005,0.995,0.0,0.0
600,0.0,0.0,0.0,1.0,0.0,0.0
601,0.0,0.0,0.0,0.995,0.0050000000000000044,0.0
602,0.0,0.0,0.0,0.99,0.010000000000000009,0.0
603,0.0,0.0,0.0,0.985,0.015000000000000013,0.0
604,0.0,0.0,0.0,0.98,0.020000000000000018,0.0
605,0.0,0.0,0.0,0.975,0.025000000000000022,0.0
606,0.0,0.0,0.0,0.97,0.030000000000000027,0.0
607,0.0,0.0,0.0,0.965,0.03500000000000003,0.0
608,0.0,0.0,0.0,0.96,0.040000000000000036,0.0
609,0.0,0.0,0.0,0.955,0.04500000000000004,0.0
610,0.0,0.0,0.0,0.95,0.050000000000000044,0.0
611,0.0,0.0,0.0,0.945,0.05500000000000005,0.0
612,0.0,0.0,0.0,0.94,0.06000000000000005,0.0
613,0.0,0.0,0.0,0.935,0.06499999999999995,0.0
614,0.0,0.0,0.0,0.93,0.06999999999999995,0.0
615,0.0,0.0,0.0,0.925,0.07499999999999996,0.0
616,0.0,0.0,0.0,0.92,0.07999999999999996,0.0
617,0.0,0.0,0.0,0.915,0.08499999999999996,0.0
618,0.0,0.0,0.0,0.91,0.08999999999999997,0.0
619,0.0,0.0,0.0,0.905,0.09499999999999997,0.0
620,0.0,0.0,0.0,0.9,0.09999999999999998,0.0
621,0.0,0.0,0.0,0.895,0.10499999999999998,0.0
622,0.0,0.0,0.0,0.89,0.10999999999999999,0.0
623,0.0,0.0,0.0,0.885,0.11499999999999999,0.0
624,0.0,0.0,0.0,0.88,0.12,0.0
625,0.0,0.0,0.0,0.875,0.125,0.0
626,0.0,0.0,0.0,0.87,0.13,0.0
627,0.0,0.0,0.0,0.865,0.135,0.0
628,0.0,0.0,0.0,0.86,0.14,0.0
629,0.0,0.0,0.0,0.855,0.14500000000000002,0.0
630,0.0,0.0,0.0,0.85,0.15000000000000002,0.0
631,0.0,0.0,0.0,0.845,0.15500000000000003,0.0
632,0.0,0.0,0.0,0.84,0.16000000000000003,0.0
633,0.0,0.0,0.0,0.835,0.16500000000000004,0.0
634,0.0,0.0,0.0,0.83,0.17000000000000004,0.0
635,0.0,0.0,0.0,0.825,0.17500000000000004,0.0
636,0.0,0.0,0.0,0.82,0.18000000000000005,0.0
637,0.0,0.0,0.0,0.815,0.18500000000000005,0.0
638,0.0,0.0,0.0,0.81,0.18999999999999995,0.0
639,0.0,0.0,0.0,0.805,0.19499999999999995,0.0
640,0.0,0.0,0.0,0.8,0.19999999999999996,0.0
641,0.0,0.0,0.0,0.795,0.20499999999999996,0.0
642,0.0,0.0,0.0,0.79,0.20999999999999996,0.0
643,0.0,0.0,0.0,0.785,0.21499999999999997,0.0
644,0.0,0.0,0.0,0.78,0.21999999999999997,0.0
645,0.0,0.0,0.0,0.775,0.22499999999999998,0.0
646,0.0,0.0,0.0,0.77,0.22999999999999998,0.0
647,0.0,0.0,0.0,0.765,0.235,0.0
648,0.0,0.0,0.0,0.76,0.24,0.0
649,0.0,0.0,0.0,0.755,0.245,0.0
650,0.0,0.0,0.0,0.75,0.25,0.0
651,0.0,0.0,0.0,0.745,0.255,0.0
652,0.0,0.0,0.0,0.74,0.26,0.0
653,0.0,0.0,0.0,0.735,0.265,0.0
654,0.0,0.0,0.0,0.73,0.27,0.0
655,0.0,0.0,0.0,0.725,0.275,0.0
656,0.0,0.0,0.0,0.72,0.28,0.0
657,0.0,0.0,0.0,0.715,0.28500000000000003,0.0
658,0.0,0.0,0.0,0.71,0.29000000000000004,0.0
659,0.0,0.0,0.0,0.705,0.29500000000000004,0.0
660,0.0,0.0,0.0,0.7,0.30000000000000004,0.0
661,0.0,0.0,0.0,0.695,0.30500000000000005,0.0
662,0.0,0.0,0.0,0.69,0.31000000000000005,0.0
663,0.0,0.0,0.0,0.685,0.31499999999999995,0.0
664,0.0,0.0,0.0,0.68,0.31999999999999995,0.0
665,0.0,0.0,0.0,0.675,0.32499999999999996,0.0
666,0.0,0.0,0.0,0.67,0.32999999999999996,0.0
667,0.0,0.0,0.0,0.665,0.33499999999999996,0.0
668,0.0,0.0,0.0,0.66,0.33999999999999997,0.0
669,0.0,0.0,0.0,0.655,0.345,0.0
670,0.0,0.0,0.0,0.65,0.35,0.0
671,0.0,0.0,0.0,0.645,0.355,0.0
672,0.0,0.0,0.0,0.64,0.36,0.0
673,0.0,0.0,0.0,0.635,0.365,0.0
674,0.0,0.0,0.0,0.63,0.37,0.0
675,0.0,0.0,0.0,0.625,0.375,0.0
676,0.0,0.0,0.0,0.62,0.38,0.0
677,0.0,0.0,0.0,0.615,0.385,0.0
678,0.0,0.0,0.0,0.61,0.39,0.0
679,0.0,0.0,0.0,0.605,0.395,0.0
680,0.0,0.0,0.0,0.6,0.4,0.0
681,0.0,0.0,0.0,0.595,0.405,0.0
682,0.0,0.0,0.0,0.59,0.41000000000000003,0.0
683,0.0,0.0,0.0,0.585,0.41500000000000004,0.0
684,0.0,0.0,0.0,0.58,0.42000000000000004,0.0
685,0.0,0.0,0.0,0.575,0.42500000000000004,0.0
686,0.0,0.0,0.0,0.57,0.43000000000000005,0.0
687,0.0,0.0,0.0,0.565,0.43500000000000005,0.0
688,0.0,0.0,0.0,0.56,0.43999999999999995,0.0
689,0.0,0.0,0.0,0.555,0.44499999999999995,0.0
690,0.0,0.0,0.0,0.55,0.44999999999999996,0.0
691,0.0,0.0,0.0,0.545,0.45499999999999996,0.0
692,0.0,0.0,0.0,0.54,0.45999999999999996,0.0
693,0.0,0.0,0.0,0.535,0.46499999999999997,0.0
694,0.0,0.0,0.0,0.53,0.47,0.0
695,0.0,0.0,0.0,0.525,0.475,0.0
696,0.0,0.0,0.0,0.52,0.48,0.0
697,0.0,0.0,0.0,0.515,0.485,0.0
698,0.0,0.0,0.0,0.51,0.49,0.0
699,0.0,0.0,0.0,0.505,0.495,0.0
700,0.0,0.0,0.0,0.5,0.5,0.0
701,0.0,0.0,0.0,0.495,0.505,0.0
702,0.0,0.0,0.0,0.49,0.51,0.0
703,0.0,0.0,0.0,0.485,0.515,0.0
704,0.0,0.0,0.0,0.48,0.52,0.0
705,0.0,0.0,0.0,0.475,0.525,0.0
706,0.0,0.0,0.0,0.47,0.53,0.0
707,0.0,0.0,0.0,0.465,0.5349999999999999,0.0
708,0.0,0.0,0.0,0.46,0.54,0.0
709,0.0,0.0,0.0,0.455,0.5449999999999999,0.0
710,0.0,0.0,0.0,0.45,0.55,0.0
711,0.0,0.0,0.0,0.445,0.5549999999999999,0.0
712,0.0,0.0,0.0,0.44,0.56,0.0
713,0.0,0.0,0.0,0.435,0.565,0.0
714,0.0,0.0,0.0,0.43,0.5700000000000001,0.0
715,0.0,0.0,0.0,0.425,0.575,0.0
716,0.0,0.0,0.0,0.42,0.5800000000000001,0.0
717,0.0,0.0,0.0,0.415,0.585,0.0
718,0.0,0.0,0.0,0.41,0.5900000000000001,0.0
719,0.0,0.0,0.0,0.405,0.595,0.0
720,0.0,0.0,0.0,0.4,0.6,0.0
721,0.0,0.0,0.0,0.395,0.605,0.0
722,0.0,0.0,0.0,0.39,0.61,0.0
723,0.0,0.0,0.0,0.385,0.615,0.0
724,0.0,0.0,0.0,0.38,0.62,0.0
725,0.0,0.0,0.0,0.375,0.625,0.0
726,0.0,0.0,0.0,0.37,0.63,0.0
727,0.0,0.0,0.0,0.365,0.635,0.0
728,0.0,0.0,0.0,0.36,0.64,0.0
729,0.0,0.0,0.0,0.355,0.645,0.0
730,0.0,0.0,0.0,0.35,0.65,0.0
731,0.0,0.0,0.0,0.345,0.655,0.0
732,0.0,0.0,0.0,0.34,0.6599999999999999,0.0
733,0.0,0.0,0.0,0.335,0.665,0.0
734,0.0,0.0,0.0,0.33,0.6699999999999999,0.0
735,0.0,0.0,0.0,0.325,0.675,0.0
736,0.0,0.0,0.0,0.32,0.6799999999999999,0.0
737,0.0,0.0,0.0,0.315,0.685,0.0
738,0.0,0.0,0.0,0.31,0.69,0.0
739,0.0,0.0,0.0,0.305,0.6950000000000001,0.0
740,0.0,0.0,0.0,0.3,0.7,0.0
741,0.0,0.0,0.0,0.295,0.7050000000000001,0.0
742,0.0,0.0,0.0,0.29,0.71,0.0
743,0.0,0.0,0.0,0.285,0.7150000000000001,0.0
744,0.0,0.0,0.0,0.28,0.72,0.0
745,0.0,0.0,0.0,0.275,0.725,0.0
746,0.0,0.0,0.0,0.27,0.73,0.0
747,0.0,0.0,0.0,0.265,0.735,0.0
748,0.0,0.0,0.0,0.26,0.74,0.0
749,0.0,0.0,0.0,0.255,0.745,0.0
750,0.0,0.0,0.0,0.25,0.75,0.0
751,0.0,0.0,0.0,0.245,0.755,0.0
752,0.0,0.0,0.0,0.24,0.76,0.0
753,0.0,0.0,0.0,0.235,0.765,0.0
754,0.0,0.0,0.0,0.23,0.77,0.0
755,0.0,0.0,0.0,0.225,0.775,0.0
756,0.0,0.0,0.0,0.22,0.78,0.0
757,0.0,0.0,0.0,0.215,0.785,0.0
758,0.0,0.0,0.0,0.21,0.79,0.0
759,0.0,0.0,0.0,0.205,0.795,0.0
760,0.0,0.0,0.0,0.2,0.8,0.0
761,0.0,0.0,0.0,0.195,0.8049999999999999,0.0
762,0.0,0.0,0.0,0.19,0.81,0.0
763,0.0,0.0,0.0,0.185,0.815,0.0
764,0.0,0.0,0.0,0.18,0.8200000000000001,0.0
765,0.0,0.0,0.0,0.175,0.825,0.0
766,0.0,0.0,0.0,0.17,0.83,0.0
767,0.0,0.0,0.0,0.165,0.835,0.0
768,0.0,0.0,0.0,0.16,0.84,0.0
769,0.0,0.0,0.0,0.155,0.845,0.0
770,0.0,0.0,0.0,0.15,0.85,0.0
771,0.0,0.0,0.0,0.145,0.855,0.0
772,0.0,0.0,0.0,0.14,0.86,0.0
773,0.0,0.0,0.0,0.135,0.865,0.0
774,0.0,0.0,0.0,0.13,0.87,0.0
775,0.0,0.0,0.0,0.125,0.875,0.0
776,0.0,0.0,0.0,0.12,0.88,0.0
777,0.0,0.0,0.0,0.115,0.885,0.0
778,0.0,0.0,0.0,0.11,0.89,0.0
779,0.0,0.0,0.0,0.105,0.895,0.0
780,0.0,0.0,0.0,0.1,0.9,0.0
781,0.0,0.0,0.0,0.095,0.905,0.0
782,0.0,0.0,0.0,0.09,0.91,0.0
783,0.0,0.0,0.0,0.085,0.915,0.0
784,0.0,0.0,0.0,0.08,0.92,0.0
785,0.0,0.0,0.0,0.075,0.925,0.0
786,0.0,0.0,0.0,0.07,0.9299999999999999,0.0
787,0.0,0.0,0.0,0.065,0.935,0.0
788,0.0,0.0,0.0,0.06,0.94,0.0
789,0.0,0.0,0.0,0.055,0.945,0.0
790,0.0,0.0,0.0,0.05,0.95,0.0
791,0.0,0.0,0.0,0.045,0.955,0.0
792,0.0,0.0,0.0,0.04,0.96,0.0
793,0.0,0.0,0.0,0.035,0.965,0.0
794,0.0,0.0,0.0,0.03,0.97,0.0
795,0.0,0.0,0.0,0.025,0.975,0.0
796,0.0,0.0,0.0,0.02,0.98,0.0
797,0.0,0.0,0.0,0.015,0.985,0.0
798,0.0,0.0,0.0,0.01,0.99,0.0
799,0.0,0.0,0.0,0.005,0.995,0.0
800,0.0,0.0,0.0,0.0,1.0,0.0
801,0.0,0.0,0.0,0.0,0.995,0.0050000000000000044
802,0.0,0.0,0.0,0.0,0.99,0.010000000000000009
803,0.0,0.0,0.0,0.0,0.985,0.015000000000000013
804,0.0,0.0,0.0,0.0,0.98,0.020000000000000018
805,0.0,0.0,0.0,0.0,0.975,0.025000000000000022
806,0.0,0.0,0.0,0.0,0.97,0.030000000000000027
807,0.0,0.0,0.0,0.0,0.965,0.03500000000000003
808,0.0,0.0,0.0,0.0,0.96,0.040000000000000036
809,0.0,0.0,0.0,0.0,0.955,0.04500000000000004
810,0.0,0.0,0.0,0.0,0.95,0.050000000000000044
811,0.0,0.0,0.0,0.0,0.945,0.05500000000000005
812,0.0,0.0,0.0,0.0,0.94,0.06000000000000005
813,0.0,0.0,0.0,0.0,0.935,0.06499999999999995
814,0.0,0.0,0.0,0.0,0.93,0.06999999999999995
815,0.0,0.0,0.0,0.0,0.925,0.07499999999999996
816,0.0,0.0,0.0,0.0,0.92,0.07999999999999996
817,0.0,0.0,0.0,0.0,0.915,0.08499999999999996
818,0.0,0.0,0.0,0.0,0.91,0.08999999999999997
819,0.0,0.0,0.0,0.0,0.905,0.09499999999999997
820,0.0,0.0,0.0,0.0,0.9,0.09999999999999998
821,0.0,0.0,0.0,0.0,0.895,0.10499999999999998
822,0.0,0.0,0.0,0.0,0.89,0.10999999999999999
823,0.0,0.0,0.0,0.0,0.885,0.11499999999999999
824,0.0,0.0,0.0,0.0,0.88,0.12
825,0.0,0.0,0.0,0.0,0.875,0.125
826,0.0,0.0,0.0,0.0,0.87,0.13
827,0.0,0.0,0.0,0.0,0.865,0.135
828,0.0,0.0,0.0,0.0,0.86,0.14
829,0.0,0.0,0.0,0.0,0.855,0.14500000000000002
830,0.0,0.0,0.0,0.0,0.85,0.15000000000000002
831,0.0,0.0,0.0,0.0,0.845,0.15500000000000003
832,0.0,0.0,0.0,0.0,0.84,0.16000000000000003
833,0.0,0.0,0.0,0.0,0.835,0.16500000000000004
834,0.0,0.0,0.0,0.0,0.83,0.17000000000000004
835,0.0,0.0,0.0,0.0,0.825,0.17500000000000004
836,0.0,0.0,0.0,0.0,0.82,0.18000000000000005
837,0.0,0.0,0.0,0.0,0.815,0.18500000000000005
838,0.0,0.0,0.0,0.0,0.81,0.18999999999999995
839,0.0,0.0,0.0,0.0,0.805,0.19499999999999995
840,0.0,0.0,0.0,0.0,0.8,0.19999999999999996
841,0.0,0.0,0.0,0.0,0.795,0.20499999999999996
842,0.0,0.0,0.0,0.0,0.79,0.20999999999999996
843,0.0,0.0,0.0,0.0,0.785,0.21499999999999997
844,0.0,0.0,0.0,0.0,0.78,0.21999999999999997
845,0.0,0.0,0.0,0.0,0.775,0.22499999999999998
846,0.0,0.0,0.0,0.0,0.77,0.22999999999999998
847,0.0,0.0,0.0,0.0,0.765,0.235
848,0.0,0.0,0.0,0.0,0.76,0.24
849,0.0,0.0,0.0,0.0,0.755,0.245
850,0.0,0.0,0.0,0.0,0.75,0.25
851,0.0,0.0,0.0,0.0,0.745,0.255
852,0.0,0.0,0.0,0.0,0.74,0.26
853,0.0,0.0,0.0,0.0,0.735,0.265
854,0.0,0.0,0.0,0.0,0.73,0.27
855,0.0,0.0,0.0,0.0,0.725,0.275
856,0.0,0.0,0.0,0.0,0.72,0.28
857,0.0,0.0,0.0,0.0,0.715,0.28500000000000003
858,0.0,0.0,0.0,0.0,0.71,0.29000000000000004
859,0.0,0.0,0.0,0.0,0.705,0.29500000000000004
860,0.0,0.0,0.0,0.0,0.7,0.30000000000000004
861,0.0,0.0,0.0,0.0,0.695,0.30500000000000005
862,0.0,0.0,0.0,0.0,0.69,0.31000000000000005
863,0.0,0.0,0.0,0.0,0.685,0.31499999999999995
864,0.0,0.0,0.0,0.0,0.68,0.31999999999999995
865,0.0,0.0,0.0,0.0,0.675,0.32499999999999996
866,0.0,0.0,0.0,0.0,0.67,0.32999999999999996
867,0.0,0.0,0.0,0.0,0.665,0.33499999999999996
868,0.0,0.0,0.0,0.0,0.66,0.33999999999999997
869,0.0,0.0,0.0,0.0,0.655,0.345
870,0.0,0.0,0.0,0.0,0.65,0.35
871,0.0,0.0,0.0,0.0,0.645,0.355
872,0.0,0.0,0.0,0.0,0.64,0.36
873,0.0,0.0,0.0,0.0,0.635,0.365
874,0.0,0.0,0.0,0.0,0.63,0.37
875,0.0,0.0,0.0,0.0,0.625,0.375
876,0.0,0.0,0.0,0.0,0.62,0.38
877,0.0,0.0,0.0,0.0,0.615,0.385
878,0.0,0.0,0.0,0.0,0.61,0.39
879,0.0,0.0,0.0,0.0,0.605,0.395
880,0.0,0.0,0.0,0.0,0.6,0.4
881,0.0,0.0,0.0,0.0,0.595,0.405
882,0.0,0.0,0.0,0.0,0.59,0.41000000000000003
883,0.0,0.0,0.0,0.0,0.585,0.41500000000000004
884,0.0,0.0,0.0,0.0,0.58,0.42000000000000004
885,0.0,0.0,0.0,0.0,0.575,0.42500000000000004
886,0.0,0.0,0.0,0.0,0.57,0.43000000000000005
887,0.0,0.0,0.0,0.0,0.565,0.43500000000000005
888,0.0,0.0,0.0,0.0,0.56,0.43999999999999995
889,0.0,0.0,0.0,0.0,0.555,0.44499999999999995
890,0.0,0.0,0.0,0.0,0.55,0.44999999999999996
891,0.0,0.0,0.0,0.0,0.545,0.45499999999999996
892,0.0,0.0,0.0,0.0,0.54,0.45999999999999996
893,0.0,0.0,0.0,0.0,0.535,0.46499999999999997
894,0.0,0.0,0.0,0.0,0.53,0.47
895,0.0,0.0,0.0,0.0,0.525,0.475
896,0.0,0.0,0.0,0.0,0.52,0.48
897,0.0,0.0,0.0,0.0,0.515,0.485
898,0.0,0.0,0.0,0.0,0.51,0.49
899,0.0,0.0,0.0,0.0,0.505,0.495
900,0.0,0.0,0.0,0.0,0.5,0.5
901,0.0,0.0,0.0,0.0,0.495,0.505
902,0.0,0.0,0.0,0.0,0.49,0.51
903,0.0,0.0,0.0,0.0,0.485,0.515
904,0.0,0.0,0.0,0.0,0.48,0.52
905,0.0,0.0,0.0,0.0,0.475,0.525
906,0.0,0.0,0.0,0.0,0.47,0.53
907,0.0,0.0,0.0,0.0,0.465,0.5349999999999999
908,0.0,0.0,0.0,0.0,0.46,0.54
909,0.0,0.0,0.0,0.0,0.455,0.5449999999999999
910,0.0,0.0,0.0,0.0,0.45,0.55
911,0.0,0.0,0.0,0.0,0.445,0.5549999999999999
912,0.0,0.0,0.0,0.0,0.44,0.56
913,0.0,0.0,0.0,0.0,0.435,0.565
914,0.0,0.0,0.0,0.0,0.43,0.5700000000000001
915,0.0,0.0,0.0,0.0,0.425,0.575
916,0.0,0.0,0.0,0.0,0.42,0.5800000000000001
917,0.0,0.0,0.0,0.0,0.415,0.585
918,0.0,0.0,0.0,0.0,0.41,0.5900000000000001
919,0.0,0.0,0.0,0.0,0.405,0.595
920,0.0,0.0,0.0,0.0,0.4,0.6
921,0.0,0.0,0.0,0.0,0.395,0.605
922,0.0,0.0,0.0,0.0,0.39,0.61
923,0.0,0.0,0.0,0.0,0.385,0.615
924,0.0,0.0,0.0,0.0,0.38,0.62
925,0.0,0.0,0.0,0.0,0.375,0.625
926,0.0,0.0,0.0,0.0,0.37,0.63
927,0.0,0.0,0.0,0.0,0.365,0.635
928,0.0,0.0,0.0,0.0,0.36,0.64
929,0.0,0.0,0.0,0.0,0.355,0.645
930,0.0,0.0,0.0,0.0,0.35,0.65
931,0.0,0.0,0.0,0.0,0.345,0.655
932,0.0,0.0,0.0,0.0,0.34,0.6599999999999999
933,0.0,0.0,0.0,0.0,0.335,0.665
934,0.0,0.0,0.0,0.0,0.33,0.6699999999999999
935,0.0,0.0,0.0,0.0,0.325,0.675
936,0.0,0.0,0.0,0.0,0.32,0.6799999999999999
937,0.0,0.0,0.0,0.0,0.315,0.685
938,0.0,0.0,0.0,0.0,0.31,0.69
939,0.0,0.0,0.0,0.0,0.305,0.6950000000000001
940,0.0,0.0,0.0,0.0,0.3,0.7
941,0.0,0.0,0.0,0.0,0.295,0.7050000000000001
942,0.0,0.0,0.0,0.0,0.29,0.71
943,0.0,0.0,0.0,0.0,0.285,0.7150000000000001
944,0.0,0.0,0.0,0.0,0.28,0.72
945,0.0,0.0,0.0,0.0,0.275,0.725
946,0.0,0.0,0.0,0.0,0.27,0.73
947,0.0,0.0,0.0,0.0,0.265,0.735
948,0.0,0.0,0.0,0.0,0.26,0.74
949,0.0,0.0,0.0,0.0,0.255,0.745
950,0.0,0.0,0.0,0.0,0.25,0.75
951,0.0,0.0,0.0,0.0,0.245,0.755
952,0.0,0.0,0.0,0.0,0.24,0.76
953,0.0,0.0,0.0,0.0,0.235,0.765
954,0.0,0.0,0.0,0.0,0.23,0.77
955,0.0,0.0,0.0,0.0,0.225,0.775
956,0.0,0.0,0.0,0.0,0.22,0.78
957,0.0,0.0,0.0,0.0,0.215,0.785
958,0.0,0.0,0.0,0.0,0.21,0.79
959,0.0,0.0,0.0,0.0,0.205,0.795
960,0.0,0.0,0.0,0.0,0.2,0.8
961,0.0,0.0,0.0,0.0,0.195,0.8049999999999999
962,0.0,0.0,0.0,0.0,0.19,0.81
963,0.0,0.0,0.0,0.0,0.185,0.815
964,0.0,0.0,0.0,0.0,0.18,0.8200000000000001
965,0.0,0.0,0.0,0.0,0.175,0.825
966,0.0,0.0,0.0,0.0,0.17,0.83
967,0.0,0.0,0.0,0.0,0.165,0.835
968,0.0,0.0,0.0,0.0,0.16,0.84
969,0.0,0.0,0.0,0.0,0.155,0.845
970,0.0,0.0,0.0,0.0,0.15,0.85
971,0.0,0.0,0.0,0.0,0.145,0.855
972,0.0,0.0,0.0,0.0,0.14,0.86
973,0.0,0.0,0.0,0.0,0.135,0.865
974,0.0,0.0,0.0,0.0,0.13,0.87
975,0.0,0.0,0.0,0.0,0.125,0.875
976,0.0,0.0,0.0,0.0,0.12,0.88
977,0.0,0.0,0.0,0.0,0.115,0.885
978,0.0,0.0,0.0,0.0,0.11,0.89
979,0.0,0.0,0.0,0.0,0.105,0.895
980,0.0,0.0,0.0,0.0,0.1,0.9
981,0.0,0.0,0.0,0.0,0.095,0.905
982,0.0,0.0,0.0,0.0,0.09,0.91
983,0.0,0.0,0.0,0.0,0.085,0.915
984,0.0,0.0,0.0,0.0,0.08,0.92
985,0.0,0.0,0.0,0.0,0.075,0.925
986,0.0,0.0,0.0,0.0,0.07,0.9299999999999999
987,0.0,0.0,0.0,0.0,0.065,0.935
988,0.0,0.0,0.0,0.0,0.06,0.94
989,0.0,0.0,0.0,0.0,0.055,0.945
990,0.0,0.0,0.0,0.0,0.05,0.95
991,0.0,0.0,0.0,0.0,0.045,0.955
992,0.0,0.0,0.0,0.0,0.04,0.96
993,0.0,0.0,0.0,0.0,0.035,0.965
994,0.0,0.0,0.0,0.0,0.03,0.97
995,0.0,0.0,0.0,0.0,0.025,0.975
996,0.0,0.0,0.0,0.0,0.02,0.98
997,0.0,0.0,0.0,0.0,0.015,0.985
998,0.0,0.0,0.0,0.0,0.01,0.99
999,0.0,0.0,0.0,0.0,0.005,0.995
1000,0.0,0.0,0.0,0.0,0.0,1.0
